Source;target
video,;Runway ML 
video,;Synthesia
video,;Invideo
video,;Pictory
video,;synthesia
video;HeyGen
video;Veed.io
video;Captions App
Source;target
video,;Runway ML 
video,;Synthesia
video,;Invideo
video,;Pictory
video,;synthesia
video;HeyGen
video;Veed.io
video;Captions App
Source;target
video,;Runway ML 
video,;Synthesia
video,;Invideo
video,;Pictory
video,;synthesia
video;HeyGen
video;Veed.io
video;Captions App
Source;target
video,;Runway ML 
video,;Synthesia
video,;Invideo
video,;Pictory
video,;synthesia
video;HeyGen
video;Veed.io
video;Captions App
Source;target
video,;Runway ML 
video,;Synthesia
video,;Invideo
video,;Pictory
video,;synthesia
video;HeyGen
video;Veed.io
chat bot ;Google Bard
chat bot ;Jasper
chat bot ;Chatsonic
chat bot ;Poe by Quora
chat bot ;C.ai
chat bot ;YouChat
chat bot ;HuggingChat
chat bot ;Bing Al
chat bot ;ChatSpot
